"sort_id","type","key","poll_epoch_ns","insert_ts","relatives","attributes","configs","Float64__1","Float64__2","UInt64__1","String__1","String__2","String__3","String__4","String__5","Float64__3","Float64__4","Float64__5","Float64__6","Float64__7","Float64__8","Float64__9","Float64__10","Float64__11","Float64__12","Float64__13","Float64__14","Float64__15","String__6","String__7","String__8","String__9","String__10","String__11","String__12","String__13","String__14","String__15","String__16","String__17","String__18"
2,"tsmtimeline","tsm_a46df78a0f3eea11acb33868dd1ca649:timeline_ARCHIVE-SESSION_END--LIHBG000DBM7U-M8U_CL22U--1098048",1593450524000000000,"2020-06-29 17:18:00",1,15,18,1593448187,1593450524,2,"ARCHIVE","SESSION_LIST: 1098049,1098048","SESSION_END","1098048","LIHBG000DBM7U-M8U_CL22U",125520,125520,0,45532271159,70,0,2,0,925,45573984737,43749710416,654517510,1125439197,"","","SSL","lihbg000cl22ug:53896","","YES","","","","","","LIHBG000DBM7U-M8U_CL22U","HBG-SP01"
2,"tsmtimeline","tsm_a46df78a0f3eea11acb33868dd1ca649:timeline_BACKUP-Full-LIHBG000APE27-LIHBG000APE27-System-State-1021667",1593398671000000000,"2020-06-29 02:55:38",1,15,18,1593398671,1593398671,2,"BACKUP","SystemState","Full","1021667","LIHBG000APE27",0,10214,0,0,0,0,0,0,0,0,0,0,0,"LIHBG000APE27","System State","SSL","10.3.60.117:64340","LIHBG000APE27_INCR","YES","","","","","","LIHBG000APE27","HBG-SP01"
2,"tsmtimeline","tsm_a46df78a0f3eea11acb33868dd1ca649:timeline_BACKUP-Full-LIHBG000APEM-LIHBG000APEM-System-State-1020306",1593398519000000000,"2020-06-29 02:55:38",1,15,18,1593398519,1593398519,2,"BACKUP","SystemState","Full","1020306","LIHBG000APEM",0,686,0,0,0,0,0,0,0,0,0,0,0,"LIHBG000APEM","System State","SSL","10.3.60.150:52435","LIHBG000APEM_INCR","YES","","","","","","LIHBG000APEM","HBG-SP01"
2,"tsmtimeline","tsm_a46df78a0f3eea11acb33868dd1ca649:timeline_BACKUP-Full-LIHBG000APHB-LIHBG000APHB-System-State-1016470",1593397441000000000,"2020-06-29 02:36:40",1,15,18,1593397441,1593397441,2,"BACKUP","SystemState","Full","1016470","LIHBG000APHB",0,689,0,0,0,0,0,0,0,0,0,0,0,"LIHBG000APHB","System State","SSL","10.3.60.243:55454","LIHBG000APHB_INCR","YES","","","","","","LIHBG000APHB","HBG-SP01"
2,"tsmtimeline","tsm_a46df78a0f3eea11acb33868dd1ca649:timeline_BACKUP-Full-LIHBG000APHC-LIHBG000APHC-System-State-1019085",1593398212000000000,"2020-06-29 02:55:38",1,15,18,1593398212,1593398212,2,"BACKUP","SystemState","Full","1019085","LIHBG000APHC",0,699,0,0,0,0,0,0,0,0,0,0,0,"LIHBG000APHC","System State","SSL","10.3.60.244:53648","LIHBG000APHC_INCR","YES","","","","","","LIHBG000APHC","HBG-SP01"
2,"tsmtimeline","tsm_a46df78a0f3eea11acb33868dd1ca649:timeline_BACKUP-SESSION_END--LIERE198FP01--1016703",1593396822000000000,"2020-06-29 02:36:40",1,15,18,1593396748,1593396822,2,"BACKUP","SESSION_LIST: 1016874,1016703","SESSION_END","1016703","LIERE198FP01",80929,1,0,487,1,0,2,0,0,900,900,0,0,"","","SSL","10.5.198.222:60287","LIERE198FP01_INCR","YES","","","","","","LIERE198FP01","HBG-SP01"
2,"tsmtimeline","tsm_a46df78a0f3eea11acb33868dd1ca649:timeline_BACKUP-SESSION_END--LIHBG000AP21L--1024319",1593398477000000000,"2020-06-29 02:55:38",1,15,18,1593396322,1593398477,2,"BACKUP","SESSION_LIST: 1014767,1014771,1014714,1014742,1014745,1014704,1014779,1014812,1014875,1014782,1014798,1021282,1014853,1014839,1024319","SESSION_END","1024319","LIHBG000AP21L",418937,212,16,981142061206,32,0,15,0,193,981142157499,157430537,967270455955,13714169686,"","","SSL","lihbg000ap21lg:47936","LIHBG000AP21L_INCR","YES","","","","","","LIHBG000AP21L","HBG-SP01"
2,"tsmtimeline","tsm_a46df78a0f3eea11acb33868dd1ca649:timeline_BACKUP-SESSION_END--LIHBG000AP22L--1025128",1593398690000000000,"2020-06-29 02:55:38",1,15,18,1593396893,1593398690,2,"BACKUP","SESSION_LIST: 1017238,1017202,1017204,1017182,1017221,1017249,1017296,1017267,1017225,1017316,1017283,1023591,1025128","SESSION_END","1025128","LIHBG000AP22L",327115,191,13,808150543023,19,0,13,0,117,808150627719,1889282202,800240879363,6020380772,"","","SSL","lihbg000ap22lg:33526","LIHBG000AP22L_INCR","YES","","","","","","LIHBG000AP22L","HBG-SP01"
2,"tsmtimeline","tsm_a46df78a0f3eea11acb33868dd1ca649:timeline_BACKUP-SESSION_END--LIHBG000AP23L--1017325",1593396937000000000,"2020-06-29 02:36:40",1,15,18,1593396924,1593396937,2,"BACKUP","SESSION_LIST: 1017332,1017325","SESSION_END","1017325","LIHBG000AP23L",278527,486,0,167753453,8,0,2,0,0,167976341,5861309,144394910,17623816,"","","SSL","lihbg000ap23lg:40494","LIHBG000AP23L_INCR","YES","","","","","","LIHBG000AP23L","HBG-SP01"
2,"tsmtimeline","tsm_a46df78a0f3eea11acb33868dd1ca649:timeline_BACKUP-SESSION_END--LIHBG000AP41U--1011021",1593399461000000000,"2020-06-29 03:18:38",1,15,18,1593395003,1593399461,2,"BACKUP","SESSION_LIST: 1011044,1011021","SESSION_END","1011021","LIHBG000AP41U",2683684,10,0,24975826,4447,0,2,0,0,24979687,1173766,17267190,6534618,"","","SSL","lihbg000ap41ug:62242","LIHBG000AP41U_INCR","YES","","","","","","LIHBG000AP41U","HBG-SP01"
